query,source,title,url,published_at,content,fetched_at
artificial intelligence,CBS Sports,"Self-learning AI reveals NFL against the spread, over/under and money-line picks for every Week 5, 2025 game",https://www.cbssports.com/nfl/news/nfl-spread-picks-predictions-a-i-best-bets-week-5/,2025-10-05T13:56:20Z,"The Buffalo Bills can't lock up an AFC East title quite yet, but they can go a long way in taking command of it when they meet the New England Patriots on 'Sunday Night Football' to highlight Week 5 … [+3879 chars]",2025-10-06T13:57:36.790263+00:00
artificial intelligence,CBS News,AI in the military: Testing a new kind of air force,https://www.cbsnews.com/video/ai-in-the-military-testing-a-new-kind-of-air-force/,2025-10-05T13:56:00Z,Copyright ©2025 CBS Interactive Inc. All rights reserved.,2025-10-06T13:57:36.790263+00:00
artificial intelligence,Onefootball.com,"Bologna unstoppable: Cambiaghi, Moro, Orsolini net three, Pisa see red",https://onefootball.com/en/news/bologna-unstoppable-cambiaghi-moro-orsolini-net-three-pisa-see-red-41764806,2025-10-05T13:52:00Z,"At the Dall'Ara Stadium, Bologna resumes its hunt for a European spot; against Pisa, led by Alberto Gilardino, still searching for their first victory.
Watch the entire Serie BKT live with LaB Chann… [+1114 chars]",2025-10-06T13:57:36.790263+00:00
artificial intelligence,CNBC,"Investors aren't the market's biggest loser if Trump, SEC end quarterly reporting",https://www.cnbc.com/2025/10/05/trump-sec-quarterly-earnings-reports-accounting-firms.html,2025-10-05T13:06:30Z,"With the Securities and Exchange Commission now pursuing President Trump's request to consider a rule that ends the mandate that public companies file quarterly reports, there's a lot to gain for com… [+8809 chars]",2025-10-06T13:57:36.790263+00:00
artificial intelligence,Blogger.com,"""Sarah's Song"" -- Family History Poem, Song, Audio Overview and Video Overview Created by Artificial Intelligence",https://www.blogger.com/comment/fullpage/post/26204193/2116385617393290260,2025-10-05T13:04:00Z,"I've used FREE Artificial Intelligence tools to create biographies, poems, songs and podcasts about my ancestors lives, plus my genealogy research and family history in the recent past. Every ancesto… [+7724 chars]",2025-10-06T13:57:36.790263+00:00
artificial intelligence,Nextpit.com,Your Samsung Galaxy Could Detect Alzheimer in the Future,https://www.nextpit.com/news/samsung-galaxy-feature-detect-alzheimers-dementia,2025-10-05T13:00:30Z,"Alzheimers is a progressive brain disorder and the leading cause of dementia. Its one of the most alarming conditions currently under study, largely because it remains incurable and irreversible. Tha… [+2193 chars]",2025-10-06T13:57:36.790263+00:00
artificial intelligence,Snopes.com,Fact Check: Rumor has it photos show 'scrappy stray' Chihuahua that joined wolf pack in Minnesota. Here's the truth,https://www.snopes.com/fact-check/minnesota-wolf-pack-chihuahua/,2025-10-05T13:00:00Z,"Claim:
Images authentically showed a Chihuahua that joined a pack of wolves near Ely, Minnesota.
Rating:
In September 2025, images circulated online that claimed to authentically show a Chihuahua … [+6323 chars]",2025-10-06T13:57:36.790263+00:00
artificial intelligence,TechRadar,Wonder Man: everything we know so far about the final Marvel TV show of 2025 on Disney+,https://www.techradar.com/streaming/disney-plus/wonder-man-hub,2025-10-05T13:00:00Z,"Wonder Man: key information
- Releasing on Disney+ in December- Unclear how many episodes it'll launch with- First trailer could be unveiled soon- Yahya Abdul-Mateen II plays the titular character- … [+8676 chars]",2025-10-06T13:57:36.790263+00:00
artificial intelligence,Snopes.com,Do photos show 'scrappy stray' Chihuahua that joined wolf pack in Minnesota?,https://www.snopes.com//fact-check/minnesota-wolf-pack-chihuahua/,2025-10-05T13:00:00Z,"Claim:
Images authentically showed a Chihuahua that joined a pack of wolves near Ely, Minnesota.
In September 2025, images circulated online that claimed to authentically show a Chihuahua near Ely,… [+4194 chars]",2025-10-06T13:57:36.790263+00:00
artificial intelligence,The Times of India,"Arattai hits 7.5 million downloads as Zoho-backed messaging platform trends on social media, app charts",https://economictimes.indiatimes.com/tech/technology/arattai-hits-7-5-million-downloads-as-zoho-backed-messaging-platform-trends-on-social-media-app-charts/articleshow/124320866.cms,2025-10-05T12:56:34Z,"Zoho-backed homegrown messaging platform Arattai has topped 7.5 million overall downloads as on Friday, marking one of the fastest adoption feat for a local app in recent times.The viral streak comes… [+4494 chars]",2025-10-06T13:57:36.790263+00:00
artificial intelligence,The Times of India,Indian market's shift towards premium devices to drive Snapdragon 8 chipsets adoption: Qualcomm,https://economictimes.indiatimes.com/tech/technology/indian-markets-shift-towards-premium-devices-to-drive-snapdragon-8-chipsets-adoption-qualcomm/articleshow/124320659.cms,2025-10-05T12:40:13Z,Chipset major Qualcomm expects shift of the Indian market towards the premium device segment will drive adoption of the company's latest and premium smartphone processor Snapdragon 8 Elite Gen 5 in t… [+3783 chars],2025-10-06T13:57:36.790263+00:00
artificial intelligence,Biztoc.com,Chatbot dreams generate AI nightmares for Bay Area lawyers,https://biztoc.com/x/2c215b111fd44b53,2025-10-05T12:39:23Z,A Palo Alto lawyer with nearly a half-century of experience admitted to an Oakland federal judge this summer that legal cases he referenced in an important court filing didnt actually exist and appea… [+146 chars],2025-10-06T13:57:36.790263+00:00
artificial intelligence,Tom's Hardware UK,The age of silicon and software began 75 years ago with the patenting of the transistor,https://www.tomshardware.com/tech-industry/semiconductors/the-age-of-silicon-and-software-began-75-years-ago-with-the-patenting-of-the-transistor,2025-10-05T12:36:31Z,"75 years ago, the three Bell Labs scientists behind the invention of the transistor would, at last, have the U.S. Patent in their hands. This insignificant looking semiconductor device with three ele… [+2857 chars]",2025-10-06T13:57:36.790263+00:00
artificial intelligence,Onefootball.com," Caprile shines, Zaniolo and Bayo blunders, Udinese-Cagliari 1-1",https://onefootball.com/en/news/caprile-shines-zaniolo-and-bayo-blunders-udinese-cagliari-1-1-41764512,2025-10-05T12:30:00Z,"At the BluEnergy Stadium, a lively lunchtime match between Udinese and Cagliari with plenty of emotions, athletic gestures, and notable errors.
Watch the entire Serie BKT live with LaB Channel on On… [+1307 chars]",2025-10-06T13:57:36.790263+00:00
artificial intelligence,Geeky Gadgets,17 Essential n8n Nodes : Master 80% of n8n & Stop Overcomplicating Your Automations,https://www.geeky-gadgets.com/n8n-essential-nodes-guide/,2025-10-05T12:01:20Z,"What if you could master the majority of a powerful automation tool without spending weeks or months learning every single feature? Heres the surprising truth: with n8n, you dont need to know it all … [+7446 chars]",2025-10-06T13:57:36.790263+00:00
artificial intelligence,Fox News,Laid off? Here's why losing your job might be the best break of your life,https://www.foxnews.com/opinion/laid-off-heres-why-losing-your-job-might-best-break-your-life,2025-10-05T12:00:51Z,"No economy is immune to layoffs, and with the increased implementation of artificial intelligence and the unprecedented adjustment of last year's employment numbers, it seems likely that we've entere… [+4958 chars]",2025-10-06T13:57:36.790263+00:00
artificial intelligence,CNBC,This Meta alum has spent 10 months leading OpenAI's nationwide hunt for its Stargate data centers,https://www.cnbc.com/2025/10/05/openai-stargate-data-center-buildout-infrastructure-lead-keith-heyde.html,2025-10-05T12:00:01Z,"Keith Heyde stands on site in Abilene, Texas, where OpenAI's Stargate infrastructure buildout is underway. Heyde, a former head of AI compute at Meta, is now leading OpenAIs physical expansion push.… [+6328 chars]",2025-10-06T13:57:36.790263+00:00
artificial intelligence,Bradenkelley.com,7 Things Leaders Need to Know About Team AI Usage,https://bradenkelley.com/2025/10/7-things-leaders-need-to-know-about-team-ai-usage/,2025-10-05T12:00:00Z,"GUEST POST from David Burkus
Leaders, we need to talk about intelligence.
By now youvehopefullystarted to take it as seriously as many leaders of industry have been. Either way you look at artifici… [+9500 chars]",2025-10-06T13:57:36.790263+00:00
artificial intelligence,Whyevolutionistrue.com,Sunday: Hili dialogue,https://whyevolutionistrue.com/2025/10/05/sunday-hili-dialogue-554/,2025-10-05T11:45:08Z,"Reading time:  If you need to know this, you’re at the wrong place.
Welcome to the Sabbath that was made for goyische cats: Sunday, October 5, 2025, and National Apple Betty Day.  This dessert, pict… [+19558 chars]",2025-10-06T13:57:36.790263+00:00
artificial intelligence,Onefootball.com,3 goals in 3 days: this sibling duo’s incredible week ,https://onefootball.com/en/news/3-goals-in-3-days-this-sibling-duos-incredible-week-41764270,2025-10-05T11:22:00Z,"The father must be proud.
This browser is not supported, please use a different one or install the app
Shane, Ruben, and Justin: three of the sons of Dutch legend, Patrick Kluivert, play football i… [+605 chars]",2025-10-06T13:57:36.790263+00:00
artificial intelligence,The Times of India,Foxconn third-quarter revenue jumps 11% year on year,https://economictimes.indiatimes.com/tech/technology/foxconn-third-quarter-revenue-jumps-11-year-on-year/articleshow/124319819.cms,2025-10-05T11:10:26Z,"Taiwan's Foxconn, the world's largest contract electronics maker, reported record third-quarter revenue on strong demand for artificial intelligence products, though it missed the market forecast and… [+1679 chars]",2025-10-06T13:57:36.790263+00:00
artificial intelligence,Theargumentmag.com,The deadline isn't when AI outsmarts us – it's when we stop using our own minds,https://www.theargumentmag.com/p/you-have-18-months,2025-10-05T11:08:25Z,"In fitness, there is a concept called time under tension. Take a simple squat, where you hold a weight and lower your hips from a standing position. With the same weight, a person can do a squat in t… [+8979 chars]",2025-10-06T13:57:36.790263+00:00
artificial intelligence,Gizmodo.com,What Past Education Tech Failures Can Teach Us About the Future of AI in Schools,https://gizmodo.com/what-past-education-tech-failures-can-teach-us-about-the-future-of-ai-in-schools-2000667517,2025-10-05T11:00:22Z,"This article was originally published on The Conversation.
American technologists have been telling educators to rapidly adopt their new inventions for over a century. In 1922, Thomas Edison declare… [+7509 chars]",2025-10-06T13:57:36.790263+00:00
artificial intelligence,Forbes,"This Week In Small Business Technology News: California Regulates AI, ChatGPT Adds E-Commerce And Slack Rolls Out An AI “Teammate”",https://www.forbes.com/sites/quickerbettertech/2025/10/05/this-week-in-small-business-technology-news-california-regulates-ai-chatgpt-adds-e-commerce-and-slack-rolls-out-an-ai-teammate/,2025-10-05T11:00:00Z,"SAN FRANCISCO, CA - AUG 7: Governor Gavin Newsom speaks at Google San Francisco office about 'Creating an AI-Ready Workforce' that new joint effort with some of the world's leading tech companies to … [+6125 chars]",2025-10-06T13:57:36.790263+00:00
artificial intelligence,GlobeNewswire,"MOG Digitech (01942.HK) Makes Exclusive Strategic Investment in Luckyins Technology (Hong Kong), Collaborating to Shape New Insurtech Landscape",https://www.globenewswire.com/news-release/2025/10/05/3161318/0/en/MOG-Digitech-01942-HK-Makes-Exclusive-Strategic-Investment-in-Luckyins-Technology-Hong-Kong-Collaborating-to-Shape-New-Insurtech-Landscape.html,2025-10-05T10:56:00Z,"HONG KONG, Oct. 05, 2025 (GLOBE NEWSWIRE) -- MOG Digitech Holdings Limited (01942.HK) announced the completion of a strategic investment in Luckyins Technology (HongKong) Co., Limited, an emerging fo… [+4187 chars]",2025-10-06T13:57:36.790263+00:00
artificial intelligence,ETF Daily News,Head-To-Head Contrast: Equifax (NYSE:EFX) versus Booz Allen Hamilton (NYSE:BAH),https://www.etfdailynews.com/2025/10/05/head-to-head-contrast-equifax-nyseefx-versus-booz-allen-hamilton-nysebah/,2025-10-05T10:23:00Z,"Equifax (NYSE:EFX – Get Free Report) and Booz Allen Hamilton (NYSE:BAH – Get Free Report) are both large-cap business services companies, but which is the superior business? We will compare the two c… [+7061 chars]",2025-10-06T13:57:36.790263+00:00
artificial intelligence,Kuriositas.com,How AI Interprets Paintings by Van Gogh,https://www.kuriositas.com/2025/10/how-ai-interprets-paintings-by-van-gogh.html,2025-10-05T10:22:00Z,"This is a homage to Vincent van Gogh – but how successful it
is, I guess, is entirely up to you.  It’s
a visually entrancing piece – a visual poem – that traces his development as an
early artist.… [+1540 chars]",2025-10-06T13:57:36.790263+00:00
artificial intelligence,BusinessLine,"Foxconn third-quarter revenue hits record, misses market forecast",https://www.thehindubusinessline.com/info-tech/foxconn-third-quarter-revenue-hits-record-misses-market-forecast/article70127714.ece,2025-10-05T10:03:57Z,"Taiwan's Foxconn, the world's largest contract electronics maker, reported record third-quarter revenue on strong demand for artificial intelligence products, though it missed the market forecast and… [+1816 chars]",2025-10-06T13:57:36.790263+00:00
artificial intelligence,Geeky Gadgets,How to Create a Homeless AI Tiktok Video & TikTok’s Homeless AI Trend Explained,https://www.geeky-gadgets.com/homeless-ai-tiktok-trend-is-raising-awareness-about-homelessness/,2025-10-05T10:01:45Z,"Have you ever wondered how a simple TikTok trend can spark deep emotional connections and meaningful conversations? The “Homeless AI” trend has done just that, captivating millions by blending innova… [+7397 chars]",2025-10-06T13:57:36.790263+00:00
artificial intelligence,Livemint,Worried about dying languages? AI is not a saviour—it may be part of the problem,https://www.livemint.com/opinion/online-views/hindi-ai-languages-multilingual-india-sovereign-policy-llm-bias-anglo-centric-artificial-intelligence-chatgpt-openai-11759396243838.html,2025-10-05T10:00:19Z,"The United Nations estimates that some 40% of languages spoken around the world face extinction. Can artificial intelligence (AI) slow this trend? As much as global tech giants like to think so, the … [+4572 chars]",2025-10-06T13:57:36.790263+00:00
artificial intelligence,Finextra,Data-Led Innovation with AI: Transforming Financial Services (Erica Andersen),https://www.finextra.com/blogposting/29509/data-led-innovation-with-ai-transforming-financial-services,2025-10-05T09:48:26Z,"As the financial services industry is undergoing a seismic shift, driven by the exponential growth of data and the transformative power of Artificial Intelligence (AI), forward-thinking institutions … [+10093 chars]",2025-10-06T13:57:36.790263+00:00
artificial intelligence,Onefootball.com,Breaking news: Surprise absentee for Atleti ahead of Vigo trip,https://onefootball.com/en/news/breaking-news-surprise-absentee-for-atleti-ahead-of-vigo-trip-41763859,2025-10-05T09:26:00Z,"Due to an indisposition, Juan Musso is not traveling with the team while Sorloth is back.
Atlético de Madrid wants to round off their fantastic week with a victory against Celta and Simeone has give… [+453 chars]",2025-10-06T13:57:36.790263+00:00
artificial intelligence,BusinessLine,Indian market's shift towards premium devices to drive Snapdragon 8 chipsets adoption: Qualcomm,https://www.thehindubusinessline.com/info-tech/indian-markets-shift-towards-premium-devices-to-drive-snapdragon-8-chipsets-adoption-qualcomm/article70127627.ece,2025-10-05T09:22:04Z,Chipset major Qualcomm expects shift of the Indian market towards the premium device segment will drive adoption of the company's latest and premium smartphone processor Snapdragon 8 Elite Gen 5 in t… [+3846 chars],2025-10-06T13:57:36.790263+00:00
artificial intelligence,Charleston Post Courier,Can AI get shoppers discounts and save people money?,https://www.postandcourier.com/business/artificial-intelligence-saving-money-deal-shopping/article_ae761929-cac3-4b06-af30-44e7866151bd.html,2025-10-05T09:02:17Z,"While we wait for AI to cure cancer, we can read the BBCs report about how AI has directed tourists to places that dont exist and are potentially life-threatening. So with AI shopping tools we may ne… [+1650 chars]",2025-10-06T13:57:36.790263+00:00
artificial intelligence,Wooster Daily Record,Wayne County Heart Walk brings community together for a cause,https://www.the-daily-record.com/story/news/healthcare/2025/10/05/wayne-county-heart-walk-raises-219k-for-heart-health-support-survivors-american-heart-association/86471939007/,2025-10-05T09:01:26Z,"More than 650 people gathered at the Wayne County Heart Walk on Sept. 25, raising over $219,000 to support the American Heart Association's mission.
The event took place at Kean Elementary and Kinne… [+1994 chars]",2025-10-06T13:57:36.790263+00:00
artificial intelligence,The Times of India,Indian market's shift towards premium devices to drive Snapdragon 8 chipsets adoption: Qualcomm,https://economictimes.indiatimes.com/industry/cons-products/electronics/indian-markets-shift-towards-premium-devices-to-drive-snapdragon-8-chipsets-adoption-qualcomm/articleshow/124318479.cms,2025-10-05T08:49:56Z,Chipset major Qualcomm expects shift of the Indian market towards the premium device segment will drive adoption of the company's latest and premium smartphone processor Snapdragon 8 Elite Gen 5 in t… [+3877 chars],2025-10-06T13:57:36.790263+00:00
artificial intelligence,ETF Daily News,Applied Digital Corporation $APLD Shares Bought by PFG Investments LLC,https://www.etfdailynews.com/2025/10/05/applied-digital-corporation-apld-shares-bought-by-pfg-investments-llc/,2025-10-05T08:24:59Z,"PFG Investments LLC raised its position in Applied Digital Corporation (NASDAQ:APLD – Free Report) by 184.2% in the second quarter, according to its most recent Form 13F filing with the SEC. The inst… [+5737 chars]",2025-10-06T13:57:36.790263+00:00
artificial intelligence,ETF Daily News,Greenleaf Trust Trims Position in Booz Allen Hamilton Holding Corporation $BAH,https://www.etfdailynews.com/2025/10/05/greenleaf-trust-trims-position-in-booz-allen-hamilton-holding-corporation-bah/,2025-10-05T08:12:55Z,"Greenleaf Trust reduced its position in Booz Allen Hamilton Holding Corporation (NYSE:BAH – Free Report) by 5.1% in the 2nd quarter, according to its most recent filing with the SEC. The firm owned 1… [+5606 chars]",2025-10-06T13:57:36.790263+00:00
artificial intelligence,ETF Daily News,"Signaturefd LLC Acquires 1,594 Shares of SoundHound AI, Inc. $SOUN",https://www.etfdailynews.com/2025/10/05/signaturefd-llc-acquires-1594-shares-of-soundhound-ai-inc-soun/,2025-10-05T08:10:49Z,"Signaturefd LLC boosted its holdings in shares of SoundHound AI, Inc. (NASDAQ:SOUN – Free Report) by 16.6% during the second quarter, HoldingsChannel reports. The fund owned 11,193 shares of the comp… [+6356 chars]",2025-10-06T13:57:36.790263+00:00
artificial intelligence,Geeky Gadgets,Stop Paying for AI : Google Gemini AI Does It All for FREE,https://www.geeky-gadgets.com/?p=471559,2025-10-05T08:00:37Z,"What if you could tap into the power of innovative artificial intelligence without spending a dime? Imagine generating stunning visuals from a simple sentence, automating tedious tasks in your daily … [+7990 chars]",2025-10-06T13:57:36.790263+00:00
artificial intelligence,Help Net Security,"Week in review: Many Cisco ASA firewalls still unsecure, hackers claim Red Hat’s GitLab breach",https://www.helpnetsecurity.com/2025/10/05/week-in-review-many-cisco-asa-firewalls-still-unsecure-hackers-claim-red-hats-gitlab-breach/,2025-10-05T08:00:28Z,"Heres an overview of some of last weeks most interesting news, articles, interviews and videos:
Keeping the internet afloat: How to protect the global cable networkThe resilience of the worlds subma… [+13225 chars]",2025-10-06T13:57:36.790263+00:00
artificial intelligence,CBC News,"No more Mr. Nice Bot: Some chatbot users push back against flattery, fluff",https://www.cbc.ca/news/canada/ai-chatbot-push-back-1.7649961,2025-10-05T08:00:00Z,"Some chatbot users are toning down the friendliness of their artificial intelligence agents as reports spread about AI-fuelled delusions. 
And as people push back against the technology's flattering… [+7150 chars]",2025-10-06T13:57:36.790263+00:00
artificial intelligence,Ndtvprofit.com,Elon Musk's 'Wikipedia'? Grokipedia Version 0.1 Coming Up In 2 Weeks: How Will It Help You?,https://www.ndtvprofit.com/technology/elon-musks-wikipedia-grokipedia-version-01-coming-up-in-2-weeks-howwill-it-helpyou,2025-10-05T07:56:55Z,"While Musk is yet to announce the full feature list for Grokipedia, the X post shared by the Tesla top boss suggests it will leverage sources such as Wikipedia and from there, rewrite the inaccuracie… [+651 chars]",2025-10-06T13:57:36.790263+00:00
artificial intelligence,Ndtvprofit.com,'I Won't Be Surprised': Goldman Sachs CEO Eyes Wall Street's 'Drawdown' In 1-2 Years,https://www.ndtvprofit.com/markets/i-wont-be-surprised-goldman-sachs-ceo-eyes-wall-streets-drawdown-in-1-2-years,2025-10-05T07:53:46Z,The US stock market is staring at a possible drawdown in the coming one-two years according to Goldman Sachs CEO David Solomon as per a CNBC report . This comes after the markets have seen record hig… [+2071 chars],2025-10-06T13:57:36.790263+00:00
artificial intelligence,Biztoc.com,OpenAI launch of video app Sora plagued by violent and racist images: ‘The guardrails are not real’,https://biztoc.com/x/e188fc00521754ff,2025-10-05T07:46:28Z,"OpenAI launched the latest iteration of its artificial intelligence-powered video generator on Tuesday, adding a social feed that allows people to share their realistic videos.Within hours of Sora 2s… [+152 chars]",2025-10-06T13:57:36.790263+00:00
artificial intelligence,ETF Daily News,"Pure Financial Advisors LLC Makes New $296,000 Investment in Strategy Inc $MSTR",https://www.etfdailynews.com/2025/10/05/pure-financial-advisors-llc-makes-new-296000-investment-in-strategy-inc-mstr/,2025-10-05T07:44:59Z,"Pure Financial Advisors LLC purchased a new stake in Strategy Inc (NASDAQ:MSTR – Free Report) during the 2nd quarter, Holdings Channel reports. The fund purchased 731 shares of the software maker’s s… [+5591 chars]",2025-10-06T13:57:36.790263+00:00
artificial intelligence,ETF Daily News,LQR House (NASDAQ:YHC) versus TNL Mediagene (NASDAQ:TNMG) Head to Head Review,https://www.etfdailynews.com/2025/10/05/lqr-house-nasdaqyhc-versus-tnl-mediagene-nasdaqtnmg-head-to-head-review/,2025-10-05T07:42:50Z,"LQR House (NASDAQ:YHC – Get Free Report) and TNL Mediagene (NASDAQ:TNMG – Get Free Report) are both small-cap business services companies, but which is the superior investment? We will contrast the t… [+3257 chars]",2025-10-06T13:57:36.790263+00:00
artificial intelligence,ETF Daily News,"Pure Financial Advisors LLC Takes $69,000 Position in BigBear.ai Holdings, Inc. $BBAI",https://www.etfdailynews.com/2025/10/05/pure-financial-advisors-llc-takes-69000-position-in-bigbear-ai-holdings-inc-bbai/,2025-10-05T07:41:00Z,"Pure Financial Advisors LLC acquired a new position in BigBear.ai Holdings, Inc. (NYSE:BBAI – Free Report) in the 2nd quarter, according to its most recent Form 13F filing with the SEC. The instituti… [+4364 chars]",2025-10-06T13:57:36.790263+00:00
artificial intelligence,CNA,"Foxconn third-quarter revenue hits record, misses market forecast",https://www.channelnewsasia.com/business/foxconn-third-quarter-revenue-hits-record-misses-market-forecast-5385351,2025-10-05T07:37:35Z,"TAIPEI :Taiwan's Foxconn, the world's largest contract electronics maker, reported record third-quarter revenue on strong demand for artificial intelligence products, though it missed the market fore… [+1787 chars]",2025-10-06T13:57:36.790263+00:00
artificial intelligence,Boston Herald,TV Q&A: How is AI being used in film restoration?,https://www.bostonherald.com/2025/10/05/tv-qa-how-is-ai-being-used-in-film-restoration/,2025-10-05T07:26:54Z,"You have questions. I have some answers.
Q: Is AI being considered to re-create missing silent movie frames, or entire scenes and movies from scripts?
A: As a report from the Pulitzer Center said n… [+2648 chars]",2025-10-06T13:57:36.790263+00:00
artificial intelligence,ETF Daily News,Elanco Animal Health (NYSE:ELAN) and Xcelerate (OTCMKTS:XCRT) Head-To-Head Survey,https://www.etfdailynews.com/2025/10/05/elanco-animal-health-nyseelan-and-xcelerate-otcmktsxcrt-head-to-head-survey/,2025-10-05T07:26:50Z,"Elanco Animal Health (NYSE:ELAN – Get Free Report) and Xcelerate (OTCMKTS:XCRT – Get Free Report) are both medical companies, but which is the better business? We will contrast the two businesses bas… [+4821 chars]",2025-10-06T13:57:36.790263+00:00
artificial intelligence,ETF Daily News,Promising Blockchain Stocks To Research – October 2nd,https://www.etfdailynews.com/2025/10/05/promising-blockchain-stocks-to-research-october-2nd/,2025-10-05T07:21:01Z,"Globant, Bitdeer Technologies Group, Core Scientific, Figure Technology Solutions, Nukkleus, Mawson Infrastructure Group, and BTCS are the seven Blockchain stocks to watch today, according to MarketB… [+4420 chars]",2025-10-06T13:57:36.790263+00:00
artificial intelligence,ETF Daily News,CorVel (NASDAQ:CRVL) Downgraded to “Hold” Rating by Wall Street Zen,https://www.etfdailynews.com/2025/10/05/corvel-nasdaqcrvl-downgraded-to-hold-rating-by-wall-street-zen/,2025-10-05T07:18:56Z,"Wall Street Zen cut shares of CorVel (NASDAQ:CRVL – Free Report) from a buy rating to a hold rating in a report published on Saturday.
Separately, Weiss Ratings reaffirmed a “hold (c+)” rating on sh… [+4344 chars]",2025-10-06T13:57:36.790263+00:00
artificial intelligence,Onefootball.com," Out of this world Messi: hat-trick of assists , Busquets bids farewell ",https://onefootball.com/en/news/out-of-this-world-messi-hat-trick-of-assists-busquets-bids-farewell-41763442,2025-10-05T07:18:00Z,"Another night of show and goals in MLS with, of course, Leo Messi in the spotlight, who is leading his Inter Miami towards the playoffs and the hope of competing for the title.
Watch the entire Seri… [+1472 chars]",2025-10-06T13:57:36.790263+00:00
artificial intelligence,ETF Daily News,Salesforce (NYSE:CRM) Stock Rating Lowered by Wall Street Zen,https://www.etfdailynews.com/2025/10/05/salesforce-nysecrm-stock-rating-lowered-by-wall-street-zen/,2025-10-05T07:13:06Z,"Salesforce (NYSE:CRM – Get Free Report) was downgraded by research analysts at Wall Street Zen from a “buy” rating to a “hold” rating in a research note issued on Friday.
Other research analysts hav… [+5947 chars]",2025-10-06T13:57:36.790263+00:00
artificial intelligence,New Atlas,Camera-packin' AI assistive device is like a white cane on steroids,https://newatlas.com/good-thinking/glide-white-cane-blind-assistive-device/,2025-10-05T07:03:00Z,"There's no doubt that a standard white cane can be quite helpful, but it isn't all that interactive. The Glide device certainly appears to be, however, as it verbally and physically guides blind user… [+2257 chars]",2025-10-06T13:57:36.790263+00:00
artificial intelligence,ETF Daily News,Docebo’s (DCBO) Buy Rating Reaffirmed at TD Cowen,https://www.etfdailynews.com/2025/10/05/docebos-dcbo-buy-rating-reaffirmed-at-td-cowen/,2025-10-05T07:02:43Z,"Docebo (NASDAQ:DCBO – Get Free Report)‘s stock had its “buy” rating restated by stock analysts at TD Cowen in a note issued to investors on Friday,Benzinga reports. They currently have a $37.00 targe… [+4409 chars]",2025-10-06T13:57:36.790263+00:00
artificial intelligence,ETF Daily News,Reviewing SecureAlert (OTCMKTS:TRCK) & Wix.com (NASDAQ:WIX),https://www.etfdailynews.com/2025/10/05/reviewing-securealert-otcmktstrck-wix-com-nasdaqwix/,2025-10-05T06:56:49Z,"SecureAlert (OTCMKTS:TRCK – Get Free Report) and Wix.com (NASDAQ:WIX – Get Free Report) are both computer and technology companies, but which is the better stock? We will contrast the two businesses … [+6088 chars]",2025-10-06T13:57:36.790263+00:00
artificial intelligence,Onefootball.com," Still a class above the rest, Messi shines in Miami win",https://onefootball.com/en/news/still-a-class-above-the-rest-messi-shines-in-miami-win-41763342,2025-10-05T06:44:00Z,"The movements, ideas, and ultimately the actions: Last night, Lionel Messi once again impressively proved that he is far too good for the MLS.
In the 4-1 victory against New England Revolution, the … [+710 chars]",2025-10-06T13:57:36.790263+00:00
artificial intelligence,Onefootball.com," Allegri vs Juventus: 8 years of legendary memes, the 5️⃣ most iconic ",https://onefootball.com/en/news/allegri-vs-juventus-8-years-of-legendary-memes-the-5-most-iconic-41763336,2025-10-05T06:40:00Z,"Massimiliano Allegri faces Juventus as an opponent after nearly 12 years, the last time was on October 6, 2013: Juventus (of Conte) vs Milan (of Max) with a bianconera victory of 3-2.
Watch the enti… [+3982 chars]",2025-10-06T13:57:36.790263+00:00
artificial intelligence,Antaranews.com,Prabowo urges TNI to embrace tech and stay vigilant,https://en.antaranews.com/news/384245/prabowo-urges-tni-to-embrace-tech-and-stay-vigilant,2025-10-05T06:37:09Z,"Jakarta (ANTARA) - President Prabowo Subianto has called on the Indonesian National Armed Forces (TNI) to continue strengthening its capacity while keeping pace with change, dynamics, and technologic… [+2247 chars]",2025-10-06T13:57:36.790263+00:00
artificial intelligence,The Star Online,Pakistan PM's visit reflects growing momentum in Malaysia-Pakistan strategic partnership,https://www.thestar.com.my/aseanplus/aseanplus-news/2025/10/05/pakistan-pm039s-visit-reflects-growing-momentum-in-malaysia-pakistan-strategic-partnership,2025-10-05T06:34:00Z,KUALA LUMPUR (Bernama): Pakistan Prime Minister Muhammad Shehbaz Sharifs visit to Malaysia from Sunday to Tuesday signals renewed momentum in the long-standing strategic partnership between the two c… [+2591 chars],2025-10-06T13:57:36.790263+00:00
artificial intelligence,ETF Daily News,Global X Artificial Intelligence & Technology ETF (NASDAQ:AIQ) Sees Large Growth in Short Interest,https://www.etfdailynews.com/2025/10/05/global-x-artificial-intelligence-technology-etf-nasdaqaiq-sees-large-growth-in-short-interest/,2025-10-05T06:26:50Z,"Global X Artificial Intelligence &amp; Technology ETF (NASDAQ:AIQ – Get Free Report) was the target of a large growth in short interest in September. As of September 15th, there was short interest to… [+2987 chars]",2025-10-06T13:57:36.790263+00:00
artificial intelligence,Onefootball.com,"Ballon d'Or rival for Yamal? ""Captain America"" quietly closing in",https://onefootball.com/en/news/ballon-dor-rival-for-yamal-captain-america-quietly-closing-in-41763268,2025-10-05T06:10:00Z,"At just 18 years old, Lamine Yamal had to settle for second place behind Ousmane Dembélé in this years Ballon d'Or voting. The Barça superstar is widely expected by most football experts to claim the… [+3642 chars]",2025-10-06T13:57:36.790263+00:00
artificial intelligence,ETF Daily News,Analyzing Westport Fuel Systems (NASDAQ:WPRT) and Visteon (NASDAQ:VC),https://www.etfdailynews.com/2025/10/05/analyzing-westport-fuel-systems-nasdaqwprt-and-visteon-nasdaqvc/,2025-10-05T06:08:46Z,"Visteon (NASDAQ:VC – Get Free Report) and Westport Fuel Systems (NASDAQ:WPRT – Get Free Report) are both auto/tires/trucks companies, but which is the superior business? We will contrast the two busi… [+6222 chars]",2025-10-06T13:57:36.790263+00:00
artificial intelligence,ETF Daily News,Presto Automation (NASDAQ:PRST) & Intellicheck (NYSE:IDN) Head-To-Head Contrast,https://www.etfdailynews.com/2025/10/05/presto-automation-nasdaqprst-intellicheck-nyseidn-head-to-head-contrast/,2025-10-05T06:08:45Z,"Presto Automation (NASDAQ:PRST – Get Free Report) and Intellicheck (NYSE:IDN – Get Free Report) are both small-cap business services companies, but which is the better business? We will compare the t… [+5847 chars]",2025-10-06T13:57:36.790263+00:00
artificial intelligence,ETF Daily News,"Extreme Networks, Inc. (NASDAQ:EXTR) Receives Average Recommendation of “Moderate Buy” from Analysts",https://www.etfdailynews.com/2025/10/05/extreme-networks-inc-nasdaqextr-receives-average-recommendation-of-moderate-buy-from-analysts/,2025-10-05T06:07:04Z,"Extreme Networks, Inc. (NASDAQ:EXTR – Get Free Report) has received an average rating of “Moderate Buy” from the seven research firms that are presently covering the firm, MarketBeat Ratings reports.… [+5909 chars]",2025-10-06T13:57:36.790263+00:00
artificial intelligence,ETF Daily News,TD Securities Initiates Coverage on Docebo (NASDAQ:DCBO),https://www.etfdailynews.com/2025/10/05/td-securities-initiates-coverage-on-docebo-nasdaqdcbo/,2025-10-05T06:02:54Z,"Equities research analysts at TD Securities initiated coverage on shares of Docebo (NASDAQ:DCBO – Get Free Report) in a research report issued on Friday, Marketbeat Ratings reports. The brokerage set… [+4157 chars]",2025-10-06T13:57:36.790263+00:00
artificial intelligence,RTE,What does the tech sector want from Budget 2026?,https://www.rte.ie/news/budget-2026/2025/1005/1536733-budget-2026-tech/,2025-10-05T06:00:01Z,"The tech sector has been through a turbulent time is recent years with many companies alternating between hiring sprees and mass layoffs.
The industry remains a massive employer in this country with… [+9708 chars]",2025-10-06T13:57:36.790263+00:00
artificial intelligence,RTE,What does the tech sector want from Budget 2026?,https://www.rte.ie/news/ireland/2025/1005/1536733-budget-2026-tech/,2025-10-05T06:00:01Z,"The tech sector has been through a turbulent time is recent years with many companies alternating between hiring sprees and mass layoffs.
The industry remains a massive employer in this country with… [+9711 chars]",2025-10-06T13:57:36.790263+00:00
artificial intelligence,Naturalnews.com,"Elon Musk breaks $500 billion net worth barrier, poised to become world’s first trillionaire",https://www.naturalnews.com/2025-10-05-musk-surpasses-net-worth-to-be-first-trillionaire.html,2025-10-05T06:00:00Z,"<ul><li>Elon Musk briefly surpassed a $500 billion net worth, driven by Tesla's stock rebound, SpaceX's soaring valuation and his aggressive AI push (xAI). His wealth briefly touched this milestone b… [+5004 chars]",2025-10-06T13:57:36.790263+00:00
artificial intelligence,ETF Daily News,Rezolve AI (NASDAQ:RZLV) Rating Increased to Hold at Wall Street Zen,https://www.etfdailynews.com/2025/10/05/rezolve-ai-nasdaqrzlv-rating-increased-to-hold-at-wall-street-zen/,2025-10-05T05:56:52Z,"Rezolve AI (NASDAQ:RZLV – Get Free Report) was upgraded by stock analysts at Wall Street Zen from a “sell” rating to a “hold” rating in a note issued to investors on Friday.
Several other analysts h… [+2920 chars]",2025-10-06T13:57:36.790263+00:00
artificial intelligence,ETF Daily News,"Analyzing TELUS (NYSE:TU) & PT Telekomunikasi Indonesia, Tbk (NYSE:TLK)",https://www.etfdailynews.com/2025/10/05/analyzing-telus-nysetu-pt-telekomunikasi-indonesia-tbk-nysetlk/,2025-10-05T05:46:50Z,"TELUS (NYSE:TU – Get Free Report) and PT Telekomunikasi Indonesia, Tbk (NYSE:TLK – Get Free Report) are both large-cap utilities companies, but which is the superior business? We will compare the two… [+6474 chars]",2025-10-06T13:57:36.790263+00:00
artificial intelligence,DW (English),How the German government is going all in on AI,https://www.dw.com/en/how-the-german-government-is-going-all-in-on-ai/a-74214400,2025-10-05T05:41:00Z,"Reducing bureaucracy costs by 25% by 2029, offering more public services online and using artificial intelligence in government and in courts are some of the projects Chancellor Friedrich Merz's cabi… [+7146 chars]",2025-10-06T13:57:36.790263+00:00
artificial intelligence,ETF Daily News,Clarivate (NYSE:CLVT) vs. EPAM Systems (NYSE:EPAM) Head to Head Survey,https://www.etfdailynews.com/2025/10/05/clarivate-nyseclvt-vs-epam-systems-nyseepam-head-to-head-survey/,2025-10-05T05:31:07Z,"EPAM Systems (NYSE:EPAM – Get Free Report) and Clarivate (NYSE:CLVT – Get Free Report) are both mid-cap computer and technology companies, but which is the better business? We will compare the two bu… [+6189 chars]",2025-10-06T13:57:36.790263+00:00
artificial intelligence,ETF Daily News,Victory Square Technologies Inc. (OTCMKTS:VSQTF) Sees Significant Increase in Short Interest,https://www.etfdailynews.com/2025/10/05/victory-square-technologies-inc-otcmktsvsqtf-sees-significant-increase-in-short-interest/,2025-10-05T05:22:58Z,"Victory Square Technologies Inc. (OTCMKTS:VSQTF – Get Free Report) was the target of a significant increase in short interest in September. As of September 15th, there was short interest totaling 168… [+2061 chars]",2025-10-06T13:57:36.790263+00:00
artificial intelligence,ETF Daily News,Snowflake (NYSE:SNOW) Shares Down 2.1% After Insider Selling,https://www.etfdailynews.com/2025/10/05/snowflake-nysesnow-shares-down-2-1-after-insider-selling/,2025-10-05T05:20:52Z,"Shares of Snowflake Inc. (NYSE:SNOW – Get Free Report) fell 2.1% on Friday after an insider sold shares in the company. The company traded as low as $233.24 and last traded at $235.42. 4,064,878 shar… [+5202 chars]",2025-10-06T13:57:36.790263+00:00
artificial intelligence,ETF Daily News,Wall Street Zen Upgrades Visteon (NASDAQ:VC) to “Buy”,https://www.etfdailynews.com/2025/10/05/wall-street-zen-upgrades-visteon-nasdaqvc-to-buy/,2025-10-05T05:12:48Z,"Visteon (NASDAQ:VC – Get Free Report) was upgraded by research analysts at Wall Street Zen from a “hold” rating to a “buy” rating in a note issued to investors on Friday.
Several other analysts also… [+5643 chars]",2025-10-06T13:57:36.790263+00:00
artificial intelligence,ETF Daily News,GeneDx (NASDAQ:WGS) Cut to Hold at Zacks Research,https://www.etfdailynews.com/2025/10/05/genedx-nasdaqwgs-cut-to-hold-at-zacks-research/,2025-10-05T05:12:48Z,"Zacks Research lowered shares of GeneDx (NASDAQ:WGS – Free Report) from a strong-buy rating to a hold rating in a report published on Thursday,Zacks.com reports.
Several other research firms have al… [+5251 chars]",2025-10-06T13:57:36.790263+00:00
artificial intelligence,ETF Daily News,Penguin Solutions (PENG) Expected to Post Quarterly Earnings on Tuesday,https://www.etfdailynews.com/2025/10/05/penguin-solutions-peng-expected-to-post-quarterly-earnings-on-tuesday/,2025-10-05T05:11:37Z,"Penguin Solutions (NASDAQ:PENG – Get Free Report) is projected to release its Q4 2025 results after the market closes on Tuesday, October 7th. Analysts expect Penguin Solutions to post earnings of $0… [+5658 chars]",2025-10-06T13:57:36.790263+00:00
artificial intelligence,ETF Daily News,Automotive Stocks To Keep An Eye On – October 3rd,https://www.etfdailynews.com/2025/10/05/automotive-stocks-to-keep-an-eye-on-october-3rd/,2025-10-05T05:08:56Z,"SoundHound AI, Rivian Automotive, Upstart, AutoZone, and Monolithic Power Systems are the five Automotive stocks to watch today, according to MarketBeat’s stock screener tool. Automotive stocks are s… [+3502 chars]",2025-10-06T13:57:36.790263+00:00
artificial intelligence,ETF Daily News,Artificial Intelligence Stocks To Follow Now – October 3rd,https://www.etfdailynews.com/2025/10/05/artificial-intelligence-stocks-to-follow-now-october-3rd/,2025-10-05T05:08:56Z,"SoundHound AI, Tempus AI, and BigBear.ai are the three Artificial Intelligence stocks to watch today, according to MarketBeat’s stock screener tool. Artificial intelligence stocks are shares of compa… [+2352 chars]",2025-10-06T13:57:36.790263+00:00
artificial intelligence,ETF Daily News,Top Cybersecurity Stocks To Follow Now – October 3rd,https://www.etfdailynews.com/2025/10/05/top-cybersecurity-stocks-to-follow-now-october-3rd/,2025-10-05T05:08:32Z,"Palo Alto Networks, CrowdStrike, Fortinet, Arqit Quantum, and SentinelOne are the five Cybersecurity stocks to watch today, according to MarketBeat’s stock screener tool. Cybersecurity stocks are sha… [+3200 chars]",2025-10-06T13:57:36.790263+00:00
artificial intelligence,Geeky Gadgets,Apple’s iOS 26.1: What You Need to Know,https://www.geeky-gadgets.com/ios-26-1/,2025-10-05T05:00:35Z,"Apple continues to refine its ecosystem with the release of iOS 26.1 beta, hardware advancements, and expanded global services. These updates demonstrate the companys ongoing commitment to innovation… [+7167 chars]",2025-10-06T13:57:36.790263+00:00
artificial intelligence,Antaranews.com,"ITAP 2025 Set to Catalyse Growth with AI-Powered Solutions, Global Partnerships and Startup Innovations",https://en.antaranews.com/news/384217/itap-2025-set-to-catalyse-growth-with-ai-powered-solutions-global-partnerships-and-startup-innovations,2025-10-05T04:48:36Z,"Singapore (ANTARA/PRNewswire)- The Industrial Transformation Asia-Pacific (ITAP) 2025, a HANNOVER MESSE event organised by Constellar with international partner Deutsche Messe, returns to the Singapo… [+8820 chars]",2025-10-06T13:57:36.790263+00:00
artificial intelligence,The Times of India,EU to unveil new AI strategy to reduce dependence on US and China: FT,https://economictimes.indiatimes.com/tech/artificial-intelligence/eu-to-unveil-new-ai-strategy-to-reduce-dependence-on-us-and-china-ft/articleshow/124316211.cms,2025-10-05T04:31:02Z,"The European Union is set to unveil a new plan to promote homegrown artificial intelligence platforms and compete against the U.S. and China, the Financial Times reported on Sunday.The European Commi… [+189 chars]",2025-10-06T13:57:36.790263+00:00
artificial intelligence,Bleeding Cool News,Avengers #31 Preview: Kang's Time Tantrum Begins,https://bleedingcool.com/comics/avengers-31-preview-kangs-time-tantrum-begins/,2025-10-05T04:26:04Z,"Posted in: Comics, Marvel Comics, Preview | Tagged: avengers
In Avengers #31, Kang faces off against Myrddin in a battle across time. Will Earth's Mightiest Heroes prevent the birth of an unmatched … [+7342 chars]",2025-10-06T13:57:36.790263+00:00
artificial intelligence,The Indian Express,"OpenAI to boost content owners’ control for Sora AI video app, plans monetization",https://indianexpress.com/article/technology/artificial-intelligence/openai-to-boost-content-owners-control-for-sora-ai-video-app-plans-monetization-10288511/,2025-10-05T04:06:57Z,ChatGPT creator OpenAI will soon introduce controls allowing the owners of content rights to dictate how their characters are used in its AI video-generating tool Sora and plans to share revenue with… [+1963 chars],2025-10-06T13:57:36.790263+00:00
artificial intelligence,The Conversation Africa,Universities can turn AI from a threat to an opportunity by teaching critical thinking,https://theconversation.com/universities-can-turn-ai-from-a-threat-to-an-opportunity-by-teaching-critical-thinking-266187,2025-10-05T04:03:17Z,"Students must learn not just how to use AI, but how to question it. Oscar Omondi via Unsplash
Across universities worldwide, a quiet revolution is underway. Generative artificial intelligence (AI) t… [+5807 chars]",2025-10-06T13:57:36.790263+00:00
artificial intelligence,The Conversation Africa,Vaccines and motherhood: are AI generated health messages working in Kenya and Nigeria?,https://theconversation.com/vaccines-and-motherhood-are-ai-generated-health-messages-working-in-kenya-and-nigeria-265892,2025-10-05T04:02:20Z,"Picture this: an artificial intelligence (AI) system creates a bright, youth-focused social media post for young Kenyans, complete with local slang and the phrase “YOUNG, LIT, AND VAXXED!” This messa… [+7083 chars]",2025-10-06T13:57:36.790263+00:00
artificial intelligence,WISHTV.com,Trump is reviving large sales of coal from public lands. Will anyone want it?,https://www.wishtv.com/news/business/trump-is-reviving-large-sales-of-coal-from-public-lands-will-anyone-want-it/,2025-10-05T04:01:29Z,"BILLINGS, Mont. (AP) U.S. officials in the coming days are set to hold the government’s biggest coal sales in more than a decade, offering 600 million tons from publicly owned reserves next to strip … [+7231 chars]",2025-10-06T13:57:36.790263+00:00
artificial intelligence,PR Newswire UK,"Our Teachers, Our Heroes",https://www.prnewswire.co.uk/news-releases/our-teachers-our-heroes-302574968.html,2025-10-05T04:01:00Z,"On World Teachers Day, Education Cannot Wait calls for expanded resources to support educators everywhere
NEW YORK, Oct. 5, 2025 /PRNewswire/ -- As we celebrate this year's World Teachers Day with t… [+2118 chars]",2025-10-06T13:57:36.790263+00:00
artificial intelligence,GlobeNewswire,Bravent Continues to Enhance Business ROI in South Florida with AI Solutions,https://www.globenewswire.com/news-release/2025/10/05/3161317/0/en/Bravent-Continues-to-Enhance-Business-ROI-in-South-Florida-with-AI-Solutions.html,2025-10-05T03:59:00Z,"Bravents Miami gathering advanced collaboration around innovation driven by Artificial Intelligence, reinforcing South Floridas hub of innovation through corporate and university partnerships that su… [+3331 chars]",2025-10-06T13:57:36.790263+00:00
artificial intelligence,TheStreet,"Weekly Market Wrap: Intel, Nvidia and Electronic Arts made major news",https://www.thestreet.com/markets/weekly-market-wrap-intel-nvidia-and-electronic-arts-made-the-most-news,2025-10-05T03:52:44Z,"The market closed at another high on Friday, Oct. 3, fueled by heavy investments in artificial intelligence and despite ongoing government uncertainties.
<ul><li>Reporting fresh highs, the S&amp;P 5… [+5340 chars]",2025-10-06T13:57:36.790263+00:00
artificial intelligence,Github.com,Show HN: URI-Transformer: AI architecture that models meaning. 99.9% less memory,https://github.com/BruinGrowly/URI_Transformer,2025-10-05T03:11:10Z,"Where Meaning Lives in Words and Numbers
A revolutionary artificial intelligence architecture based on the discovery that meaning exists simultaneously in both words and numbers, grounded in the mat… [+5392 chars]",2025-10-06T13:57:36.790263+00:00
artificial intelligence,New Atlas,Smart in-asphalt fabric provides live reports from within roads,https://newatlas.com/good-thinking/electronic-fabric-asphalt-roads/,2025-10-05T03:03:00Z,"While it's certainly important to monitor the condition of paved roads, keeping an eye on the surface will only tell you so much. You also need to know what's going on with the underlying asphalt, wh… [+2260 chars]",2025-10-06T13:57:36.790263+00:00
artificial intelligence,Onefootball.com,"Corinthians clinical, see off Mirassol and end winless run in Itaquera",https://onefootball.com/en/news/corinthians-clinical-see-off-mirassol-and-end-winless-run-in-itaquera-41762924,2025-10-05T02:16:00Z,"Corinthians ended their uncomfortable drought at the Neo Química Arena.
Overflowing with efficiency, Timão defeated Mirassol 3-0 on Saturday night (4).
Maycon, Yuri Alberto, and André scored in the… [+1283 chars]",2025-10-06T13:57:36.790263+00:00
artificial intelligence,Yahoo Entertainment,Research ship makes stunning discovery after monthslong expedition in Arctic ice: 'Nature always finds a way',https://www.yahoo.com/news/articles/research-ship-makes-stunning-discovery-021500286.html,2025-10-05T02:15:00Z,"A research vessel in international Arctic waters near Russia unearthed a new development in the rapid melting of the ice caps that could have significant ramifications for the polar ecosystem.
What'… [+2607 chars]",2025-10-06T13:57:36.790263+00:00
machine learning,CBS Sports,"Self-learning AI reveals NFL against the spread, over/under and money-line picks for every Week 5, 2025 game",https://www.cbssports.com/nfl/news/nfl-spread-picks-predictions-a-i-best-bets-week-5/,2025-10-05T13:56:20Z,"The Buffalo Bills can't lock up an AFC East title quite yet, but they can go a long way in taking command of it when they meet the New England Patriots on 'Sunday Night Football' to highlight Week 5 … [+3879 chars]",2025-10-06T13:57:38.103311+00:00
machine learning,Mindthenerd.com,I Do Not Want to Be a Programmer Anymore,https://mindthenerd.com/i-do-not-want-to-be-a-programmer-anymore-after-losing-an-argument-to-ai-and-my-wife/,2025-10-05T13:53:41Z,"The real danger isnt losing work to machines; its surrendering our judgment to them.
An empty chair and a glowing screen, when the machine feels like the most confident presence in the room.
A few … [+10388 chars]",2025-10-06T13:57:38.103311+00:00
machine learning,Aiengineering.academy,Show HN: Write deep learning code on your laptop and run it instantly on GPUs,https://aiengineering.academy/LLM/ServerLessFinetuning/,2025-10-05T13:36:24Z,"So let's face it, if you are doing anything with deep learning, GPUs are a must.
They are expensive, and infrastructure is hard to set up. Most of the time, you're coding when the GPUs are sitting i… [+10906 chars]",2025-10-06T13:57:38.103311+00:00
machine learning,The Times of India,Telegram CEO Durov on 2024 arrest: 'no other tech leader targeted like this',https://economictimes.indiatimes.com/tech/technology/telegram-ceo-durov-on-2024-arrest-no-other-tech-leader-targeted-like-this/articleshow/124321239.cms,2025-10-05T13:35:08Z,"Telegram founderPavel Durov said his arrest by French authorities in August 2024 was an unprecedented overreach of power, unlike anything seen against any other tech leader.""I arrived in France last … [+2034 chars]",2025-10-06T13:57:38.103311+00:00
machine learning,Whyevolutionistrue.com,Readers’ wildlife photos,https://whyevolutionistrue.com/2025/10/05/readers-wildlife-photos-2440/,2025-10-05T13:15:55Z,"Athayde Tonhasca Júnior has returned with an edifying text-and-photo essay on animals and wind turbines.  His captions are indented, and you can enlarge the photos by clicking on them:
Ecofriendly h… [+7924 chars]",2025-10-06T13:57:38.103311+00:00
machine learning,Rlsbb.to,Smiles And Kisses You 2024 ALTERNATIVE CUT 1080p WEBRip x264-CBFM,https://post.rlsbb.to/smiles-and-kisses-you-2024-alternative-cut-1080p-webrip-x264-cbfm/,2025-10-05T13:09:42Z,"Plot: The relationship between a man and his life-size AI-animated doll is explored in this moving documentary. A clear eyed and open hearted take on machine learning and loneliness, in an age of alg… [+550 chars]",2025-10-06T13:57:38.103311+00:00
machine learning,CNET,Want a Perfect Pot of Coffee? Experts Suggest the 'Golden Ratio.' Here's how it Works,https://www.cnet.com/home/kitchen-and-household/want-a-perfect-pot-of-coffee-experts-suggest-the-golden-ratio-heres-how-it-works/,2025-10-05T13:04:00Z,"Getting the balance of coffee to water right makes a real difference. When you use too much coffee, you end up with an over-extracted, bitter cup that wastes your grounds. Use too little, and you're … [+9036 chars]",2025-10-06T13:57:38.103311+00:00
machine learning,Freerepublic.com,Sonntag Computer Question - Setting up a new SSD Volume,https://freerepublic.com/focus/f-chat/4344448/posts,2025-10-05T12:51:28Z,"I'm looking for recommendations for the (primary) volume size to allocate on a brand new SSD being used for a mildly unique purpose: It will be the 3rd drive in the machine, and will function as the … [+2791 chars]",2025-10-06T13:57:38.103311+00:00
machine learning,Whyevolutionistrue.com,Sunday: Hili dialogue,https://whyevolutionistrue.com/2025/10/05/sunday-hili-dialogue-554/,2025-10-05T11:45:08Z,"Reading time:  If you need to know this, you’re at the wrong place.
Welcome to the Sabbath that was made for goyische cats: Sunday, October 5, 2025, and National Apple Betty Day.  This dessert, pict… [+19558 chars]",2025-10-06T13:57:38.103311+00:00
machine learning,Theregister.com,"AI chatbots that butter you up make you worse at conflict, study finds",https://www.theregister.com/2025/10/05/ai_models_flatter_users_worse_confilict/,2025-10-05T11:38:14Z,"State-of-the-art AI models tend to flatter users, and that praise makes people more convinced that they're right and less willing to resolve conflicts, recent research suggests.
These models, in oth… [+4924 chars]",2025-10-06T13:57:38.103311+00:00
machine learning,Gizmodo.com,What Past Education Tech Failures Can Teach Us About the Future of AI in Schools,https://gizmodo.com/what-past-education-tech-failures-can-teach-us-about-the-future-of-ai-in-schools-2000667517,2025-10-05T11:00:22Z,"This article was originally published on The Conversation.
American technologists have been telling educators to rapidly adopt their new inventions for over a century. In 1922, Thomas Edison declare… [+7509 chars]",2025-10-06T13:57:38.103311+00:00
machine learning,Dou.ua,"Big Data Conference Europe 2025, 18 листопада, Вільнюс",https://dou.ua/calendar/55207/,2025-10-05T11:00:11Z,"Big Data Conference Europe 2025  where deep tech meets a cinema-style experience.Big Data Conference Europe 2025 is a premier conference that brings together developers, IT professionals, and users t… [+1257 chars]",2025-10-06T13:57:38.103311+00:00
machine learning,Fortune,How the cofounder of Chess.com went from being a child prodigy in a religious cult to building a 225 million player empire,https://fortune.com/2025/10/05/chess-cofounder-danny-rensch-child-prodigy-cult-entrepreneur-millions-players-platform/,2025-10-05T10:41:00Z,"Entrepreneurs are first pulled toward their passion in all sorts of wayswhether that be through an overbearing parent, chasing a childhood dream career, or realization that a hobby can bring in milli… [+7395 chars]",2025-10-06T13:57:38.103311+00:00
machine learning,ETF Daily News,Head-To-Head Contrast: Equifax (NYSE:EFX) versus Booz Allen Hamilton (NYSE:BAH),https://www.etfdailynews.com/2025/10/05/head-to-head-contrast-equifax-nyseefx-versus-booz-allen-hamilton-nysebah/,2025-10-05T10:23:00Z,"Equifax (NYSE:EFX – Get Free Report) and Booz Allen Hamilton (NYSE:BAH – Get Free Report) are both large-cap business services companies, but which is the superior business? We will compare the two c… [+7061 chars]",2025-10-06T13:57:38.103311+00:00
machine learning,InfoQ.com,New DNS Armor Service Helps Google Cloud Workloads Preemptively Block Cyber Threats,https://www.infoq.com/news/2025/10/dns-armor-infoblox-security/,2025-10-05T10:00:00Z,"Google Cloud has launched DNS Armor, a new cloud-native security service developed in partnership with Infoblox. The service provides a foundational layer of security by preemptively detecting and mi… [+2703 chars]",2025-10-06T13:57:38.103311+00:00
machine learning,Finextra,Data-Led Innovation with AI: Transforming Financial Services (Erica Andersen),https://www.finextra.com/blogposting/29509/data-led-innovation-with-ai-transforming-financial-services,2025-10-05T09:48:26Z,"As the financial services industry is undergoing a seismic shift, driven by the exponential growth of data and the transformative power of Artificial Intelligence (AI), forward-thinking institutions … [+10093 chars]",2025-10-06T13:57:38.103311+00:00
machine learning,ETF Daily News,Greenleaf Trust Trims Position in Booz Allen Hamilton Holding Corporation $BAH,https://www.etfdailynews.com/2025/10/05/greenleaf-trust-trims-position-in-booz-allen-hamilton-holding-corporation-bah/,2025-10-05T08:12:55Z,"Greenleaf Trust reduced its position in Booz Allen Hamilton Holding Corporation (NYSE:BAH – Free Report) by 5.1% in the 2nd quarter, according to its most recent filing with the SEC. The firm owned 1… [+5606 chars]",2025-10-06T13:57:38.103311+00:00
machine learning,Help Net Security,"Week in review: Many Cisco ASA firewalls still unsecure, hackers claim Red Hat’s GitLab breach",https://www.helpnetsecurity.com/2025/10/05/week-in-review-many-cisco-asa-firewalls-still-unsecure-hackers-claim-red-hats-gitlab-breach/,2025-10-05T08:00:28Z,"Heres an overview of some of last weeks most interesting news, articles, interviews and videos:
Keeping the internet afloat: How to protect the global cable networkThe resilience of the worlds subma… [+13225 chars]",2025-10-06T13:57:38.103311+00:00
machine learning,Incrediblethings.com,How Superchargers Transform Everyday Cars into Power Machines,https://incrediblethings.com/cars-auto/how-superchargers-transform-everyday-cars-into-power-machines/,2025-10-05T07:55:17Z,"Have you ever wondered how some ordinary cars suddenly roar with strength and speed, almost like they’ve been given a second life? This change is often possible because of superchargers, a clever upg… [+6825 chars]",2025-10-06T13:57:38.103311+00:00
machine learning,ETF Daily News,"Pure Financial Advisors LLC Takes $69,000 Position in BigBear.ai Holdings, Inc. $BBAI",https://www.etfdailynews.com/2025/10/05/pure-financial-advisors-llc-takes-69000-position-in-bigbear-ai-holdings-inc-bbai/,2025-10-05T07:41:00Z,"Pure Financial Advisors LLC acquired a new position in BigBear.ai Holdings, Inc. (NYSE:BBAI – Free Report) in the 2nd quarter, according to its most recent Form 13F filing with the SEC. The instituti… [+4364 chars]",2025-10-06T13:57:38.103311+00:00
machine learning,ETF Daily News,Best Digital Media Stocks To Keep An Eye On – October 2nd,https://www.etfdailynews.com/2025/10/05/best-digital-media-stocks-to-keep-an-eye-on-october-2nd/,2025-10-05T07:20:58Z,"Adobe, DoubleVerify, Ziff Davis, Xunlei, and The Arena Group are the five Digital Media stocks to watch today, according to MarketBeat’s stock screener tool. Digital media stocks are shares of public… [+3187 chars]",2025-10-06T13:57:38.103311+00:00
machine learning,ETF Daily News,CorVel (NASDAQ:CRVL) Downgraded to “Hold” Rating by Wall Street Zen,https://www.etfdailynews.com/2025/10/05/corvel-nasdaqcrvl-downgraded-to-hold-rating-by-wall-street-zen/,2025-10-05T07:18:56Z,"Wall Street Zen cut shares of CorVel (NASDAQ:CRVL – Free Report) from a buy rating to a hold rating in a report published on Saturday.
Separately, Weiss Ratings reaffirmed a “hold (c+)” rating on sh… [+4344 chars]",2025-10-06T13:57:38.103311+00:00
machine learning,Forbes,The Rise Of Reverse Automation: What It Means For The Future Of Work,https://www.forbes.com/sites/dianehamilton/2025/10/05/the-rise-of-reverse-automation-what-it-means-for-the-future-of-work/,2025-10-05T07:00:00Z,"The Rise Of Reverse Automation: What It Means For The Future Of Work
getty
When people think about automation, the focus is almost always on what it takes away. They see it as machines taking over … [+6329 chars]",2025-10-06T13:57:38.103311+00:00
machine learning,ETF Daily News,Kaltura (NASDAQ:KLTR) versus Guidewire Software (NYSE:GWRE) Head-To-Head Contrast,https://www.etfdailynews.com/2025/10/05/kaltura-nasdaqkltr-versus-guidewire-software-nysegwre-head-to-head-contrast/,2025-10-05T06:56:48Z,"Guidewire Software (NYSE:GWRE – Get Free Report) and Kaltura (NASDAQ:KLTR – Get Free Report) are both computer and technology companies, but which is the better business? We will compare the two comp… [+6404 chars]",2025-10-06T13:57:38.103311+00:00
machine learning,ETF Daily News,"Extreme Networks, Inc. (NASDAQ:EXTR) Receives Average Recommendation of “Moderate Buy” from Analysts",https://www.etfdailynews.com/2025/10/05/extreme-networks-inc-nasdaqextr-receives-average-recommendation-of-moderate-buy-from-analysts/,2025-10-05T06:07:04Z,"Extreme Networks, Inc. (NASDAQ:EXTR – Get Free Report) has received an average rating of “Moderate Buy” from the seven research firms that are presently covering the firm, MarketBeat Ratings reports.… [+5909 chars]",2025-10-06T13:57:38.103311+00:00
machine learning,ETF Daily News,Zeta Global Holdings Corp. (NYSE:ZETA) Given Consensus Recommendation of “Moderate Buy” by Analysts,https://www.etfdailynews.com/2025/10/05/zeta-global-holdings-corp-nysezeta-given-consensus-recommendation-of-moderate-buy-by-analysts/,2025-10-05T06:07:02Z,"Zeta Global Holdings Corp. (NYSE:ZETA – Get Free Report) has received a consensus rating of “Moderate Buy” from the sixteen ratings firms that are presently covering the firm, MarketBeat.com reports.… [+3792 chars]",2025-10-06T13:57:38.103311+00:00
machine learning,ETF Daily News,Rezolve AI (NASDAQ:RZLV) Rating Increased to Hold at Wall Street Zen,https://www.etfdailynews.com/2025/10/05/rezolve-ai-nasdaqrzlv-rating-increased-to-hold-at-wall-street-zen/,2025-10-05T05:56:52Z,"Rezolve AI (NASDAQ:RZLV – Get Free Report) was upgraded by stock analysts at Wall Street Zen from a “sell” rating to a “hold” rating in a note issued to investors on Friday.
Several other analysts h… [+2920 chars]",2025-10-06T13:57:38.103311+00:00
machine learning,DW (English),How the German government is going all in on AI,https://www.dw.com/en/how-the-german-government-is-going-all-in-on-ai/a-74214400,2025-10-05T05:41:00Z,"Reducing bureaucracy costs by 25% by 2029, offering more public services online and using artificial intelligence in government and in courts are some of the projects Chancellor Friedrich Merz's cabi… [+7146 chars]",2025-10-06T13:57:38.103311+00:00
machine learning,ETF Daily News,Victory Square Technologies Inc. (OTCMKTS:VSQTF) Sees Significant Increase in Short Interest,https://www.etfdailynews.com/2025/10/05/victory-square-technologies-inc-otcmktsvsqtf-sees-significant-increase-in-short-interest/,2025-10-05T05:22:58Z,"Victory Square Technologies Inc. (OTCMKTS:VSQTF – Get Free Report) was the target of a significant increase in short interest in September. As of September 15th, there was short interest totaling 168… [+2061 chars]",2025-10-06T13:57:38.103311+00:00
machine learning,ETF Daily News,Analysts Set Adaptive Biotechnologies Corporation (NASDAQ:ADPT) PT at $13.22,https://www.etfdailynews.com/2025/10/05/analysts-set-adaptive-biotechnologies-corporation-nasdaqadpt-pt-at-13-22/,2025-10-05T05:14:52Z,"Adaptive Biotechnologies Corporation (NASDAQ:ADPT – Get Free Report) has received an average rating of “Moderate Buy” from the ten ratings firms that are presently covering the firm, MarketBeat.com r… [+4377 chars]",2025-10-06T13:57:38.103311+00:00
machine learning,ETF Daily News,Penguin Solutions (PENG) Expected to Post Quarterly Earnings on Tuesday,https://www.etfdailynews.com/2025/10/05/penguin-solutions-peng-expected-to-post-quarterly-earnings-on-tuesday/,2025-10-05T05:11:37Z,"Penguin Solutions (NASDAQ:PENG – Get Free Report) is projected to release its Q4 2025 results after the market closes on Tuesday, October 7th. Analysts expect Penguin Solutions to post earnings of $0… [+5658 chars]",2025-10-06T13:57:38.103311+00:00
machine learning,ETF Daily News,Artificial Intelligence Stocks To Follow Now – October 3rd,https://www.etfdailynews.com/2025/10/05/artificial-intelligence-stocks-to-follow-now-october-3rd/,2025-10-05T05:08:56Z,"SoundHound AI, Tempus AI, and BigBear.ai are the three Artificial Intelligence stocks to watch today, according to MarketBeat’s stock screener tool. Artificial intelligence stocks are shares of compa… [+2352 chars]",2025-10-06T13:57:38.103311+00:00
machine learning,Antaranews.com,"ITAP 2025 Set to Catalyse Growth with AI-Powered Solutions, Global Partnerships and Startup Innovations",https://en.antaranews.com/news/384217/itap-2025-set-to-catalyse-growth-with-ai-powered-solutions-global-partnerships-and-startup-innovations,2025-10-05T04:48:36Z,"Singapore (ANTARA/PRNewswire)- The Industrial Transformation Asia-Pacific (ITAP) 2025, a HANNOVER MESSE event organised by Constellar with international partner Deutsche Messe, returns to the Singapo… [+8820 chars]",2025-10-06T13:57:38.103311+00:00
machine learning,CBS Sports,UFC 320 results: Merab Dvalishvili grinds through Cory Sandhagen to retain bantamweight championship,https://www.cbssports.com/mma/news/ufc-320-results-merab-dvalishvili-grinds-through-cory-sandhagen-to-retain-bantamweight-championship/,2025-10-05T04:39:46Z,"It's not hard to predict how UFC bantamweight champion Merab Dvalisvili will approach a fight, but it seems nearly impossible to stop him from following his gameplan. That proved true for Cory Sandha… [+2891 chars]",2025-10-06T13:57:38.103311+00:00
machine learning,The Times of India,The pulse of a crowd: How to prevent the next stampede,https://economictimes.indiatimes.com/news/india/the-pulse-of-a-crowd-how-to-prevent-the-next-stampede/articleshow/124315923.cms,2025-10-05T04:02:06Z,"On September 27, men, women and children streamed into Velusamypuram in Karur, Tamil Nadu, for a glimpse of their herothe actor-turned-politician Vijay. By the time the chief of Tamilaga Vettri Kazha… [+8840 chars]",2025-10-06T13:57:38.103311+00:00
machine learning,GlobeNewswire,"Mactores Earns AWS Healthcare Competency Status, Enabling HIPAA-Compliant AI Solutions for Improved Patient Outcomes and Operational Excellence",https://www.globenewswire.com/news-release/2025/10/05/3161316/0/en/Mactores-Earns-AWS-Healthcare-Competency-Status-Enabling-HIPAA-Compliant-AI-Solutions-for-Improved-Patient-Outcomes-and-Operational-Excellence.html,2025-10-05T03:58:00Z,"Photo Courtesy of Mactores
BELLEVUE, Wash., Oct. 04, 2025 (GLOBE NEWSWIRE) -- Mactores Cognition Inc., has earned Amazon Web Services (AWS) Healthcare Competency status, recognizing the company's ex… [+4088 chars]",2025-10-06T13:57:38.103311+00:00
machine learning,The Times of India,India's watch story: From time told to time made,https://economictimes.indiatimes.com/industry/cons-products/fashion-/-cosmetics-/-jewellery/indias-watch-story-from-time-told-to-time-made/articleshow/124315579.cms,2025-10-05T03:06:24Z,"In the half-lit workshop of a Swiss watchmaker, a balance wheel trembles like a heartbeat, each oscillation marking a fraction of a second in perfect harmony. In Japan, a Seiko engineer measures tole… [+11376 chars]",2025-10-06T13:57:38.103311+00:00
machine learning,Vjeux.com,Vjeux » Birth of Prettier,https://blog.vjeux.com/2025/javascript/birth-of-prettier.html,2025-10-05T02:57:34Z,"React Conf is around the corner and it's been almost 10 years since Prettier was released. I figured it would be a good time to recount the journey from its early days to now.
This is the story of h… [+29925 chars]",2025-10-06T13:57:38.103311+00:00
machine learning,Nature.com,Machine learning guided process optimization and sustainable valorization of coconut biochar filled PLA biocomposites,https://www.nature.com/articles/s41598-025-19791-0,2025-10-05T00:00:00Z,"Mechanical testing
Tensile strength and youngs modulus
The tensile strength and Youngs modulus of PLA/CCB composites were evaluated using an L27 orthogonal array designed through the Design of Expe… [+46169 chars]",2025-10-06T13:57:38.103311+00:00
machine learning,Pypi.org,torchsystem 1.4.7,https://pypi.org/project/torchsystem/1.4.7/,2025-10-04T23:55:59Z,"A required part of this site couldnt load. This may be due to a browser
 extension, network issues, or browser settings. Please check your
 connection, disable any ad blockers, or try using a diffe… [+12 chars]",2025-10-06T13:57:38.103311+00:00
machine learning,BBC News,Late nights and packed lectures - why freshers' flu is so hard to dodge,https://www.bbc.com/news/articles/c147218x7rgo,2025-10-04T23:05:38Z,"It's the second week of term. You've finally figured out how to use the washing machine, your flatmates are starting to feel like friends, and the whirlwind of freshers' week is behind you. 
But jus… [+7837 chars]",2025-10-06T13:57:38.103311+00:00
machine learning,Kevinmd.com,How AI is transforming health care with real-world data insights [PODCAST],https://kevinmd.com/2025/10/how-ai-is-transforming-health-care-with-real-world-data-insights-podcast.html,2025-10-04T23:00:05Z,"Subscribe to The Podcast by KevinMD. Watch on YouTube. Catch up on old episodes!
Health care executive Sujay Jadhav discusses his article “How AI is revolutionizing health care through real-world da… [+15215 chars]",2025-10-06T13:57:38.103311+00:00
machine learning,SiliconANGLE News,Service-as-software: The new control plane for business,https://siliconangle.com/2025/10/04/service-software-new-control-plane-business/,2025-10-04T22:45:23Z,"Were on the cusp of a new software-enabled business model that will determine winners and losers in the coming decades. We call this service-as-software. 
Specifically, we believe enterprises will b… [+32258 chars]",2025-10-06T13:57:38.103311+00:00
machine learning,Pypi.org,sai-rl 0.1.23,https://pypi.org/project/sai-rl/0.1.23/,2025-10-04T22:00:51Z,"A required part of this site couldnt load. This may be due to a browser
 extension, network issues, or browser settings. Please check your
 connection, disable any ad blockers, or try using a diffe… [+12 chars]",2025-10-06T13:57:38.103311+00:00
machine learning,CBC News,Yukon First Nation uses holograms to preserve the knowledge of elders,https://www.cbc.ca/news/canada/north/yukon-na-cho-ny%D3%93k-dun-first-nation-hologram-project-1.7650021,2025-10-04T19:00:00Z,"There are fewer than 12 fluent speakers of Northern Tutchone left in the remote community of Mayo, Yukon and many of them are elderly. 
The First Nation of Na-Cho Nyk Dun has turned to technology to… [+6265 chars]",2025-10-06T13:57:38.103311+00:00
machine learning,Pypi.org,tinkerloop added to PyPI,https://pypi.org/project/tinkerloop/,2025-10-04T18:58:35Z,"Download the file for your platform. If you're not sure which to choose, learn more about installing packages. 
Source Distribution 
Built Distribution 
Filter files by name, interpreter, ABI, and… [+144 chars]",2025-10-06T13:57:38.103311+00:00
machine learning,Pypi.org,tinkerloop 0.0.1,https://pypi.org/project/tinkerloop/0.0.1/,2025-10-04T18:58:35Z,"A required part of this site couldnt load. This may be due to a browser
 extension, network issues, or browser settings. Please check your
 connection, disable any ad blockers, or try using a diffe… [+12 chars]",2025-10-06T13:57:38.103311+00:00
machine learning,Psychology Today,Succisa Virescit: The Cut That Makes Us Grow,https://www.psychologytoday.com/us/blog/the-digital-self/202510/succisa-virescit-the-cut-that-makes-us-grow,2025-10-04T18:53:26Z,"Theres an old Latin phrase that has stayed with me lately: Succisa virescit. The translation roughly means, When cut down, we grow back stronger. Originally the sixth-century motto of the Benedictine… [+4875 chars]",2025-10-06T13:57:38.103311+00:00
machine learning,TechRadar,I reviewed the ZBook Ultra G1a 14 - and somehow HP forced a mobile workstation into an ultrabook chassis,https://www.techradar.com/pro/hp-zbook-ultra-g1a-14-mobile-workstation-review,2025-10-04T18:47:00Z,"Why you can trust TechRadar
We spend hours testing every product or service we review, so you can be sure you're buying the best. Find out more about how we test.HP ZBook Ultra G1a 14: 30-second rev… [+17920 chars]",2025-10-06T13:57:38.103311+00:00
machine learning,XDA Developers,Ditching smart home subscriptions for open-source Home Assistant,https://www.xda-developers.com/ditched-smart-home-subscriptions-switched-to-home-assistant/,2025-10-04T18:30:20Z,"I quickly grew tired of having countless smart home subscriptions to create the ultimate tech-laden household. And it's not just the usual suspects, like an alarm system, network switches, or some bu… [+8368 chars]",2025-10-06T13:57:38.103311+00:00
machine learning,Pypi.org,mlrun 1.10.0rc33,https://pypi.org/project/mlrun/1.10.0rc33/,2025-10-04T18:21:37Z,"A required part of this site couldnt load. This may be due to a browser
 extension, network issues, or browser settings. Please check your
 connection, disable any ad blockers, or try using a diffe… [+12 chars]",2025-10-06T13:57:38.103311+00:00
machine learning,Forbes,Snowflake Stock Up 49%. Learn Whether AI Agents Make $SNOW A Buy,https://www.forbes.com/sites/petercohan/2025/10/04/snowflake-stock-up-49-learn-whether-ai-agents-make-snow-a-buy/,2025-10-04T18:06:37Z,"The Snowflake Inc logo, the American cloud computing-based data company that offers cloud-based storage and analytics services, is on their pavilion during the Mobile World Congress 2025 in Barcelona… [+8632 chars]",2025-10-06T13:57:38.103311+00:00
machine learning,Statetimes.in,"IGP reviews policing progress in Jammu, stresses alignment with India 2047 vision",https://statetimes.in/igp-reviews-policing-progress-in-jammu-stresses-alignment-with-india-2047-vision/,2025-10-04T17:38:27Z,JAMMU: Inspector General of Police Bhim Sen Tuti on Saturday reviewed the Action Taken Reports on various recommendations of multi-sectoral policing in the Jammu region and emphasised aligning all in… [+2624 chars],2025-10-06T13:57:38.103311+00:00
machine learning,CBS Sports,"Week 5 NFL betting guide, props, spreads: Model, expert, parlay, DFS and season-long fantasy picks revealed",https://www.cbssports.com/nfl/news/week-5-nfl-betting-guide-props-spreads-top-parlay-dfs-fantasy-football-lineup-picks/,2025-10-04T17:08:04Z,"There are several interesting quarterback matchups on Sunday that could add some spice to your Week 5 NFL picks. Quarterbacks who've had more success since leaving New York, in Geno Smith and Daniel … [+5955 chars]",2025-10-06T13:57:38.103311+00:00
machine learning,CBS Sports,"Self-learning AI reveals NFL against the spread, over/under and money-line picks for every Week 5, 2025 game",https://www.cbssports.com/nfl/news/nfl-picks-predictions-a-i-best-bets-week-5/,2025-10-04T16:57:03Z,"The Buffalo Bills can't lock up an AFC East title quite yet, but they can go a long way in taking command of it when they meet the New England Patriots on 'Sunday Night Football' to highlight Week 5 … [+3820 chars]",2025-10-06T13:57:38.103311+00:00
machine learning,Linkedin.com,Account-Based Marketing(ABM) in the Real World: 5 Uses You'll Actually See (2025),https://www.linkedin.com/pulse/account-based-marketingabm-real-world-5-uses-youll-actually-vqrsc,2025-10-04T16:49:46Z,"Account-Based Marketing (ABM) has evolved from a niche tactic to a core strategy for many B2B organizations. Instead of broad outreach, ABM focuses on targeting high-value accounts with personalized … [+7027 chars]",2025-10-06T13:57:38.103311+00:00
machine learning,Techbullion.com,Why DC Power Supplies Are the Backbone of Modern Electronics Innovation,https://techbullion.com/why-dc-power-supplies-are-the-backbone-of-modern-electronics-innovation/,2025-10-04T16:14:42Z,"Every groundbreaking piece of technology, from the smartphone in your pocket to the electric vehicle revolutionizing transportation, relies on a critical component that rarely gets the spotlight. Pre… [+8507 chars]",2025-10-06T13:57:38.103311+00:00
machine learning,CBS Sports,"NFL anytime touchdown scorer picks, player props, Week 5: This wide receiver scores for a plus-money payout",https://www.cbssports.com/nfl/news/nfl-anytime-touchdown-scorer-picks-player-props-week-5/,2025-10-04T16:02:25Z,"Talent alone isn't always enough to get you the lion's share of the game plan pointed toward your direction. Sometimes you need some outside factors, and unfortunately, in the NFL specifically, those… [+5095 chars]",2025-10-06T13:57:38.103311+00:00
machine learning,Forbes,"OpenAI’s Fine Print, This Time Sung As A Satiric Opera",https://www.forbes.com/sites/lesliekatz/2025/10/04/openais-fine-print-this-time-sung-as-a-satiric-opera/,2025-10-04T15:34:13Z,"Terms &amp; Conditions Opera: A Legalese Libretto, brought to life by Jake Elwes, ""started as a satirical and playful work,"" the artist says. ""The idea of feeding an AI on its own legalese made me la… [+7026 chars]",2025-10-06T13:57:38.103311+00:00
machine learning,The Times of India,CoolKicks co-founder taken into custody during live stream after LAPD raids: Who is Adeel Shams and what is his net worth?,https://economictimes.indiatimes.com/news/international/global-trends/us-news-coolkicks-co-founder-taken-into-custody-during-live-stream-after-lapd-raids-who-is-adeel-shams-and-what-is-his-net-worth/articleshow/124309446.cms,2025-10-04T15:14:05Z,CoolKicks co-founder Adeel Shams was arrested in Los Angeles on fraud charges following a raid by the LAPD. Adeel Shams was arrested Thursday afternoon during a raid by the Los Angeles Police Departm… [+4923 chars],2025-10-06T13:57:38.103311+00:00
machine learning,The New York Review of Books,The War Over Defense Tech,http://www.nybooks.com/online/2025/10/04/the-war-over-defense-tech/,2025-10-04T15:13:38Z,"1.
Last October, on a Martin Luther–inspired website called www.18theses.com, a software executive named Shyam Sankar published a four-thousand-word polemic with the title “The Defense Reformation.”… [+65062 chars]",2025-10-06T13:57:38.103311+00:00
machine learning,CBS Sports,Week 5 NFL anytime touchdown scorer picks: Ashton Jeanty among best bets for anytime TD scorer bets,https://www.cbssports.com/nfl/news/week-5-nfl-anytime-touchdown-scorer-picks-bets-ashton-jeanty/,2025-10-04T15:01:46Z,Ashton Jeanty became the highest running back selected in an NFL Draft since Saquon Barkley in 2018 when the Raiders selected the running back from Boise State No. 6 overall in the 2025 NFL Draft. Ba… [+5693 chars],2025-10-06T13:57:38.103311+00:00
machine learning,Mediatakeout.com,The Rock’s MOVIE FLOPS!!! Earns $6M and BUDGET was $70M,https://mediatakeout.com/the-rocks-movie-flops-earns-6m-and-budget-was-70m/,2025-10-04T14:50:16Z,"THE ROCKS NEW MOVIE FLOPS HARD COULD THIS BE THE END OF HOLLYWOODS LAST TRUE MOVIE STAR?
Dwayne The Rock Johnson has built his career and his empire on being unstoppable. But this weekend, the box o… [+3410 chars]",2025-10-06T13:57:38.103311+00:00
machine learning,Android Central,You're using AI more than you realize: Here's how it powers your everyday tasks,https://www.androidcentral.com/apps-software/ai/youre-using-ai-all-the-time-and-might-not-even-know-it,2025-10-04T14:48:00Z,"(Image credit: Future)
One of the web's longest-running tech columns, Android &amp; Chill is your Saturday discussion of Android, Google, and all things tech.
AI is often a fatigue-inducing buzzwor… [+5518 chars]",2025-10-06T13:57:38.103311+00:00
machine learning,New Atlas,Autonomous combat aircraft unveiled as Europe’s loyal wingman,https://newatlas.com/ca-1-europa-loyal-wingman/,2025-10-04T14:03:00Z,"Autonomous fighter planes are popping up all over the place these days as more air forces opt for pilotless loyal wingmen. The latest example is Europe's version, the multi-role Helsing CA-1 Europa, … [+2896 chars]",2025-10-06T13:57:38.103311+00:00
machine learning,Pypi.org,nqxpack 0.1.7,https://pypi.org/project/nqxpack/0.1.7/,2025-10-04T13:51:20Z,"A required part of this site couldnt load. This may be due to a browser
 extension, network issues, or browser settings. Please check your
 connection, disable any ad blockers, or try using a diffe… [+12 chars]",2025-10-06T13:57:38.103311+00:00
machine learning,STLtoday.com,"At 58, Tom Cillo is tackling his dream of playing college football",https://www.stltoday.com/sports/college/football/article_44453d3d-842c-51c8-875e-5cf8cc37893f.html,2025-10-04T13:30:00Z,"WILLIAMSPORT, Pa. The shouts of Yeah, Tom! started the moment Tom Cillo crossed the white paint on the sideline and stepped onto the field at Girardi Stadium.
After a couple of bounces to expend som… [+22430 chars]",2025-10-06T13:57:38.103311+00:00
machine learning,Github.com,Show HN: Unstable Singularity Detector,https://github.com/Flamehaven/unstable-singularity-detector,2025-10-04T12:15:15Z,"Independent re-implementation of unstable singularity detection methods inspired by DeepMind research
Based on the paper ""Discovering new solutions to century-old problems in fluid dynamics"" (blog p… [+21708 chars]",2025-10-06T13:57:38.103311+00:00
machine learning,Android Authority,The One UI 8.5 leaks that has us most excited about the Samsung Galaxy S26,https://www.androidauthority.com/authority-insights-podcast-007-3603279/,2025-10-04T12:00:16Z,"00:00 Mishaal Rahman: The floodgates have opened for One UI 8.5 leaks, giving us an early glimpse of the software features that will arrive on the Samsung Galaxy S26.
00:08 C. Scott Brown: And Googl… [+55325 chars]",2025-10-06T13:57:38.103311+00:00
machine learning,International Business Times,Apple Glasses Rumored For Next Year With These Features,https://www.ibtimes.com/apple-glasses-rumored-next-year-these-features-3785562,2025-10-04T11:30:20Z,"The main priority of Apple now is its upcoming Apple Glasses that have been rumored for release next year.
The Apple Glasses is said to be an AI-first device, with the machine learning technology be… [+2060 chars]",2025-10-06T13:57:38.103311+00:00
machine learning,Pypi.org,dragon-ml-toolbox 10.2.1,https://pypi.org/project/dragon-ml-toolbox/10.2.1/,2025-10-04T11:25:40Z,"A required part of this site couldnt load. This may be due to a browser
 extension, network issues, or browser settings. Please check your
 connection, disable any ad blockers, or try using a diffe… [+12 chars]",2025-10-06T13:57:38.103311+00:00
machine learning,ZDNet,"Despite AI-related job loss fears, tech hiring holds steady - and here are the most in-demand skills",https://www.zdnet.com/article/despite-ai-related-job-loss-fears-tech-hiring-holds-steady-and-here-are-the-most-in-demand-skills/,2025-10-04T10:00:32Z,"NeoLeo/iStock / Getty Images Plus
Follow ZDNET: Add us as a preferred source on Google.
ZDNET's key takeaways
<ul><li>Tech hiring for the next quarter is steady compared to a year ago.</li><li>AI … [+5774 chars]",2025-10-06T13:57:38.103311+00:00
machine learning,Wired,"Gear News of the Week: Adobe Premiere Lands on iPhone, and Nothing Lets You Design Your Own Widgets",https://www.wired.com/story/gear-news-of-the-week-adobe-premiere-lands-on-iphone-and-nothing-lets-you-design-your-own-widgets/,2025-10-04T10:00:00Z,"Adobe has had a busy year designing and redesigning a number of its most popular apps for mobile, and Premiere for iPhone is the latesta mobile-first video editing workflow that adapts most of the to… [+4821 chars]",2025-10-06T13:57:38.103311+00:00
machine learning,Github.io,Show HN: The Little Book of Maths for LLMs-The maths you need to understand LLMs,https://little-book-of.github.io/maths-for-llms/books/en-US/book.html,2025-10-04T09:07:32Z,"Licensed under CC BY-NC-SA 4.0.This is a book about how numbers learn to speak.Inside, youll find the gentle mathematics that powers every large language model,from simple counting and geometry to pr… [+331641 chars]",2025-10-06T13:57:38.103311+00:00
machine learning,XDA Developers,Self-host your own search engine with YaCy and Docker,https://www.xda-developers.com/built-my-own-search-engine-decentralized-web-crawling-tool/,2025-10-04T09:00:20Z,"The way we search for information has changed, and it's only set to expedite as we move into the world of artificial intelligence. We've seen this already with the more popular search engines favorin… [+6147 chars]",2025-10-06T13:57:38.103311+00:00
machine learning,ETF Daily News,Rezolve AI Target of Unusually Large Options Trading (NASDAQ:RZLV),https://www.etfdailynews.com/2025/10/04/rezolve-ai-target-of-unusually-large-options-trading-nasdaqrzlv/,2025-10-04T08:23:03Z,"Rezolve AI PLC (NASDAQ:RZLV – Get Free Report) was the target of some unusual options trading activity on Friday. Investors acquired 22,797 call options on the company. This is an increase of approxi… [+3019 chars]",2025-10-06T13:57:38.103311+00:00
machine learning,ETF Daily News,Riskified (NYSE:RSKD) Rating Increased to Buy at Wall Street Zen,https://www.etfdailynews.com/2025/10/04/riskified-nyserskd-rating-increased-to-buy-at-wall-street-zen/,2025-10-04T08:23:02Z,"Wall Street Zen upgraded shares of Riskified (NYSE:RSKD – Free Report) from a hold rating to a buy rating in a report issued on Friday morning.
Several other analysts also recently weighed in on the… [+4278 chars]",2025-10-06T13:57:38.103311+00:00
machine learning,ETF Daily News,Rezolve AI (NASDAQ:RZLV) Price Target Raised to $7.00,https://www.etfdailynews.com/2025/10/04/rezolve-ai-nasdaqrzlv-price-target-raised-to-7-00/,2025-10-04T07:28:53Z,"Rezolve AI (NASDAQ:RZLV – Get Free Report) had its price objective lifted by research analysts at Northland Securities from $5.00 to $7.00 in a report issued on Thursday, Marketbeat Ratings reports. … [+3143 chars]",2025-10-06T13:57:38.103311+00:00
machine learning,ETF Daily News,Northland Capmk Has Weak Outlook for Rezolve AI Q4 Earnings,https://www.etfdailynews.com/2025/10/04/northland-capmk-has-weak-outlook-for-rezolve-ai-q4-earnings/,2025-10-04T06:48:57Z,Rezolve AI PLC (NASDAQ:RZLV – Free Report) – Equities research analysts at Northland Capmk dropped their Q4 2026 earnings per share estimates for shares of Rezolve AI in a research note issued on Wed… [+3053 chars],2025-10-06T13:57:38.103311+00:00
machine learning,Forbes,Jane Goodall’s Lesson: Rethinking Intelligence,https://www.forbes.com/sites/corneliawalther/2025/10/04/jane-goodalls-lesson-rethinking-intelligence/,2025-10-04T06:18:39Z,"Chimpanzee looking directly at the camera
getty
When Jane Goodall arrived at Tanzania's Gombe Stream in 1960, she carried neither a doctoral degree nor conventional scientific training. What she po… [+12045 chars]",2025-10-06T13:57:38.103311+00:00
machine learning,ETF Daily News,Rezolve AI (NASDAQ:RZLV) Shares Up 8.1% on Analyst Upgrade,https://www.etfdailynews.com/2025/10/04/rezolve-ai-nasdaqrzlv-shares-up-8-1-on-analyst-upgrade/,2025-10-04T06:14:51Z,Shares of Rezolve AI PLC (NASDAQ:RZLV – Get Free Report) were up 8.1% on Friday after Wall Street Zen upgraded the stock from a sell rating to a hold rating. The company traded as high as $7.58 and l… [+2921 chars],2025-10-06T13:57:38.103311+00:00
machine learning,ETF Daily News,Critical Analysis: Genpact (NYSE:G) & BigBear.ai (NYSE:BBAI),https://www.etfdailynews.com/2025/10/04/critical-analysis-genpact-nyseg-bigbear-ai-nysebbai/,2025-10-04T06:10:55Z,"Genpact (NYSE:G – Get Free Report) and BigBear.ai (NYSE:BBAI – Get Free Report) are both mid-cap computer and technology companies, but which is the better investment? We will contrast the two busine… [+5771 chars]",2025-10-06T13:57:38.103311+00:00
machine learning,GlobeNewswire,"Ozak AI Presale Nears $3.5M, Investors Bet Big on AI Altcoins",https://www.globenewswire.com/news-release/2025/10/04/3161259/0/en/Ozak-AI-Presale-Nears-3-5M-Investors-Bet-Big-on-AI-Altcoins.html,2025-10-04T05:57:00Z,"ROAD TOWN, British Virgin Islands, Oct. 04, 2025 (GLOBE NEWSWIRE) -- Crypto markets in 2025 are defined by means of narratives, and one of the strongest is the rise of AI-driven altcoins. While Bitco… [+7942 chars]",2025-10-06T13:57:38.103311+00:00
machine learning,ETF Daily News,Viasat (NASDAQ:VSAT) Rating Lowered to Strong Sell at Barclays,https://www.etfdailynews.com/2025/10/04/viasat-nasdaqvsat-rating-lowered-to-strong-sell-at-barclays/,2025-10-04T05:56:50Z,"Barclays downgraded shares of Viasat (NASDAQ:VSAT – Free Report) from an equal weight rating to a strong sell rating in a report published on Wednesday morning, MarketBeat reports. Barclays currently… [+5650 chars]",2025-10-06T13:57:38.103311+00:00
machine learning,ETF Daily News,WhiteFiber (NASDAQ:WYFI) Earns Buy Rating from Analysts at HC Wainwright,https://www.etfdailynews.com/2025/10/04/whitefiber-nasdaqwyfi-earns-buy-rating-from-analysts-at-hc-wainwright/,2025-10-04T05:56:48Z,"HC Wainwright started coverage on shares of WhiteFiber (NASDAQ:WYFI – Free Report) in a research report sent to investors on Wednesday morning, Marketbeat Ratings reports. The brokerage issued a buy … [+2085 chars]",2025-10-06T13:57:38.103311+00:00
machine learning,Vkc.sh,Everyday rsync – VKC.sh | Veronica Explains,https://vkc.sh/everyday-rsync/,2025-10-04T05:47:01Z,"tldr: my favorite rsync flags are -av. I use –delete when I’m trying to keep a remote folder in sync with the source. And –dry-run is critical for avoiding mistakes.
I use rsync every day for backin… [+9197 chars]",2025-10-06T13:57:38.103311+00:00
machine learning,ETF Daily News,Analysts Set Riskified Ltd. (NYSE:RSKD) Price Target at $5.82,https://www.etfdailynews.com/2025/10/04/analysts-set-riskified-ltd-nyserskd-price-target-at-5-82/,2025-10-04T05:38:54Z,"Shares of Riskified Ltd. (NYSE:RSKD – Get Free Report) have received an average rating of “Hold” from the eight research firms that are presently covering the company, Marketbeat Ratings reports. Thr… [+4129 chars]",2025-10-06T13:57:38.103311+00:00
machine learning,ETF Daily News,Q3 Earnings Forecast for WhiteFiber Issued By HC Wainwright,https://www.etfdailynews.com/2025/10/04/q3-earnings-forecast-for-whitefiber-issued-by-hc-wainwright/,2025-10-04T05:14:50Z,"WhiteFiber, Inc. (NASDAQ:WYFI – Free Report) – Equities research analysts at HC Wainwright issued their Q3 2025 earnings per share estimates for WhiteFiber in a research note issued on Wednesday, Oct… [+2289 chars]",2025-10-06T13:57:38.103311+00:00
machine learning,ETF Daily News,Promising Artificial Intelligence Stocks To Follow Today – October 2nd,https://www.etfdailynews.com/2025/10/04/promising-artificial-intelligence-stocks-to-follow-today-october-2nd/,2025-10-04T05:03:19Z,"SoundHound AI, Tempus AI, and BigBear.ai are the three Artificial Intelligence stocks to watch today, according to MarketBeat’s stock screener tool. Artificial intelligence stocks are shares of publi… [+2520 chars]",2025-10-06T13:57:38.103311+00:00
machine learning,The Irish Times,A night with the Garda Armed Support Unit: ‘Nobody can tell you when to pull the trigger or not’,https://www.irishtimes.com/crime-law/2025/10/04/a-night-with-the-armed-support-unit-nobody-can-tell-you-when-to-pull-the-trigger-or-not/,2025-10-04T05:00:00Z,"It may be almost 50km from Dublins south inner city to Delgany, Co Wicklow, but the Garda Armed Support Units (ASU) Audi Q7 Quattro makes light work of the journey. 
The vehicle can travel at speeds… [+12930 chars]",2025-10-06T13:57:38.103311+00:00
machine learning,BBC News,Scientists grow mini human brains to power computers,https://www.bbc.com/news/articles/cy7p1lzvxjro,2025-10-04T01:39:04Z,"Zoe KleinmanTechnology editor
The building blocks for a biocomputer growing in a lab
It may have its roots in science fiction, but a small number of researchers are making real progress trying to c… [+6564 chars]",2025-10-06T13:57:38.103311+00:00
machine learning,Pypi.org,dragon-ml-toolbox 10.2.0,https://pypi.org/project/dragon-ml-toolbox/10.2.0/,2025-10-04T01:05:17Z,"A required part of this site couldnt load. This may be due to a browser
 extension, network issues, or browser settings. Please check your
 connection, disable any ad blockers, or try using a diffe… [+12 chars]",2025-10-06T13:57:38.103311+00:00
machine learning,Github.com,"Show HN: RenderarXiv – Search ArXiv from terminal, HTML to read/paste into LLM",https://github.com/peterdunson/renderarxiv,2025-10-04T00:33:29Z,"Search arXiv from your terminal and get beautiful HTML results you can read or copy-paste into ChatGPT/Claude.
No more hallucinated papers everything is real, straight from arXiv.
pip install git+h… [+2333 chars]",2025-10-06T13:57:38.103311+00:00
machine learning,XDA Developers,Nvidia's stronghold on PC gaming and AMD's failure to save us,https://www.xda-developers.com/nvidia-is-making-pc-gaming-worse-amd-isnt-saving-us-either/,2025-10-04T00:00:20Z,"PC gaming has long been at the forefront of pushing the boundaries when it comes to performance, choice, and innovations. We've seen all the vintage packaging that graphics cards and other PC parts u… [+12335 chars]",2025-10-06T13:57:38.103311+00:00
machine learning,GlobeNewswire,Mactores Signs Strategic AWS Partnership to Accelerate Enterprise GenAI Adoption by 80%,https://www.globenewswire.com/news-release/2025/10/03/3161250/0/en/Mactores-Signs-Strategic-AWS-Partnership-to-Accelerate-Enterprise-GenAI-Adoption-by-80.html,2025-10-03T23:17:00Z,"Mactores has partnered with AWS through a Strategic Collaboration Agreement and achieved the AWS Generative AI Competency. This milestone empowers enterprises to modernize data systems, embed GenAI i… [+4019 chars]",2025-10-06T13:57:38.103311+00:00
machine learning,Github.com,"Show HN: TorchSystem, Event driven systems with PyTorch",https://github.com/entropy-flux/TorchSystem,2025-10-03T23:13:39Z,This framework will help you to create powerful and scalable systems using the PyTorch library. It is designed under the principles of domain driven design (DDD) and includes built-in message pattern… [+17241 chars],2025-10-06T13:57:38.103311+00:00
machine learning,Pypi.org,fennec-ml 0.1.2,https://pypi.org/project/fennec-ml/0.1.2/,2025-10-03T23:04:30Z,"A required part of this site couldnt load. This may be due to a browser
 extension, network issues, or browser settings. Please check your
 connection, disable any ad blockers, or try using a diffe… [+12 chars]",2025-10-06T13:57:38.103311+00:00
machine learning,Royal Society of Chemistry,Machine learning guided design of Ce-rich rare earth permanent magnets with outstanding comprehensive magnetic properties,https://pubs.rsc.org/en/content/articlelanding/2025/tc/d5tc03056k,2025-10-03T23:00:00Z,"X. Zhang, Z. Yang, J. Zhang, W. Liu, H. Yang, X. Nie, H. Xu, X. Chi and M. Yue,
 J. Mater. Chem. C, 2025, Accepted Manuscript
, DOI: 10.1039/D5TC03056K
To request permission to reproduce material … [+646 chars]",2025-10-06T13:57:38.103311+00:00
machine learning,Pypi.org,fennec-ml 0.1.1,https://pypi.org/project/fennec-ml/0.1.1/,2025-10-03T22:56:25Z,"A required part of this site couldnt load. This may be due to a browser
 extension, network issues, or browser settings. Please check your
 connection, disable any ad blockers, or try using a diffe… [+12 chars]",2025-10-06T13:57:38.103311+00:00
machine learning,Pypi.org,clearner 1.0.1,https://pypi.org/project/clearner/1.0.1/,2025-10-03T22:54:31Z,"A required part of this site couldnt load. This may be due to a browser
 extension, network issues, or browser settings. Please check your
 connection, disable any ad blockers, or try using a diffe… [+12 chars]",2025-10-06T13:57:38.103311+00:00
